FirstName,LastName,Department,Title
John,Smith,Accounting,Accountant
Emily,Chen,Accounting,Senior Accountant
Michael,Brown,Accounting,Accounts Payable Clerk
Sarah,Wilson,Accounting,Payroll Specialist
David,Lee,Accounting,Accounting Manager
Jessica,Taylor,Accounting,Financial Analyst
Daniel,Martin,Accounting,Bookkeeper
Laura,Garcia,Sales,Sales Representative
Kevin,Nguyen,Sales,Account Executive
Rachel,Thompson,Sales,Sales Manager
Brian,White,Sales,Sales Representative
Amanda,Harris,Sales,Inside Sales Rep
Jason,Clark,Sales,Business Development Rep
Megan,Lewis,Sales,Sales Coordinator
Ryan,Walker,IT,Help Desk Technician
Olivia,Hall,IT,Systems Administrator
Tyler,Allen,IT,IT Manager
Sophia,Young,IT,Network Technician
Ethan,King,IT,Help Desk Technician
Grace,Wright,IT,Desktop Support Analyst
Noah,Scott,IT,Security Analyst
